Table S2. Data dictionary for NEON PLFA synthesis dataset (127 variables),,,
,,,
column_name,data_type,description,units
uid,character,See NEON data product documentation,See NEON data product documentation
namedLocation,character,See NEON data product documentation,See NEON data product documentation
domainID,character,NEON domain (D01-D20),See NEON data product documentation
siteID,character,NEON 4-letter site code,See NEON data product documentation
decimalLatitude,numeric,"Latitude (decimal degrees, WGS84)",decimal degrees
decimalLongitude,numeric,"Longitude (decimal degrees, WGS84)",decimal degrees
geodeticDatum,character,See NEON data product documentation,See NEON data product documentation
coordinateUncertainty,numeric,See NEON data product documentation,See NEON data product documentation
elevation,numeric,Elevation (meters above sea level),m
elevationUncertainty,numeric,See NEON data product documentation,See NEON data product documentation
plotID,character,See NEON data product documentation,See NEON data product documentation
collectDate,Date,Sample collection date (YYYY-MM-DD),YYYY-MM-DD
freezeDryMass,numeric,See NEON data product documentation,See NEON data product documentation
freezeDryDate,character,See NEON data product documentation,See NEON data product documentation
analysisDate,character,See NEON data product documentation,See NEON data product documentation
processedDate,character,See NEON data product documentation,See NEON data product documentation
laboratoryName,character,See NEON data product documentation,See NEON data product documentation
sampleID,character,NEON unique sample identifier,See NEON data product documentation
sampleCode,character,See NEON data product documentation,See NEON data product documentation
biomassID,character,See NEON data product documentation,See NEON data product documentation
internalLabID,character,See NEON data product documentation,See NEON data product documentation
batchID,character,See NEON data product documentation,See NEON data product documentation
testProtocolVersion,character,See NEON data product documentation,See NEON data product documentation
c8To0ScaledConcentration,numeric,Scaled concentration of specific PLFA biomarker (nmol/g),nmol/g
c10To0ScaledConcentration,numeric,Scaled concentration of specific PLFA biomarker (nmol/g),nmol/g
c11To0ScaledConcentration,numeric,Scaled concentration of specific PLFA biomarker (nmol/g),nmol/g
lipid2OH10To0ScaledConcentration,numeric,Scaled concentration of specific PLFA biomarker (nmol/g),nmol/g
c12To0ScaledConcentration,numeric,Scaled concentration of specific PLFA biomarker (nmol/g),nmol/g
c13To0ScaledConcentration,numeric,Scaled concentration of specific PLFA biomarker (nmol/g),nmol/g
lipid2OH12To0ScaledConcentration,numeric,Scaled concentration of specific PLFA biomarker (nmol/g),nmol/g
lipid3OH12To0ScaledConcentration,numeric,Scaled concentration of specific PLFA biomarker (nmol/g),nmol/g
c14To1ScaledConcentration,numeric,Scaled concentration of specific PLFA biomarker (nmol/g),nmol/g
c14To0ScaledConcentration,numeric,Scaled concentration of specific PLFA biomarker (nmol/g),nmol/g
i14To0ScaledConcentration,numeric,Scaled concentration of specific PLFA biomarker (nmol/g),nmol/g
i15To0ScaledConcentration,numeric,Scaled concentration of specific PLFA biomarker (nmol/g),nmol/g
aC15To0ScaledConcentration,numeric,Scaled concentration of specific PLFA biomarker (nmol/g),nmol/g
c15To0ScaledConcentration,numeric,Scaled concentration of specific PLFA biomarker (nmol/g),nmol/g
c15To1ScaledConcentration,numeric,Scaled concentration of specific PLFA biomarker (nmol/g),nmol/g
lipid2OH14To0ScaledConcentration,numeric,Scaled concentration of specific PLFA biomarker (nmol/g),nmol/g
lipid3OH14To0ScaledConcentration,numeric,Scaled concentration of specific PLFA biomarker (nmol/g),nmol/g
i16To0ScaledConcentration,numeric,Scaled concentration of specific PLFA biomarker (nmol/g),nmol/g
cis16To1n9ScaledConcentration,numeric,Scaled concentration of specific PLFA biomarker (nmol/g),nmol/g
c16To1n7ScaledConcentration,numeric,Scaled concentration of specific PLFA biomarker (nmol/g),nmol/g
c16To1Cis11ScaledConcentration,numeric,Scaled concentration of specific PLFA biomarker (nmol/g),nmol/g
c16To0ScaledConcentration,numeric,Scaled concentration of specific PLFA biomarker (nmol/g),nmol/g
lipid10Methyl16To0ScaledConcentration,numeric,Scaled concentration of specific PLFA biomarker (nmol/g),nmol/g
i17To0ScaledConcentration,numeric,Scaled concentration of specific PLFA biomarker (nmol/g),nmol/g
c17To1ScaledConcentration,numeric,Scaled concentration of specific PLFA biomarker (nmol/g),nmol/g
cyclo17To0ScaledConcentration,numeric,Scaled concentration of specific PLFA biomarker (nmol/g),nmol/g
c17To0ScaledConcentration,numeric,Scaled concentration of specific PLFA biomarker (nmol/g),nmol/g
c17To0AnteisoScaledConcentration,numeric,Scaled concentration of specific PLFA biomarker (nmol/g),nmol/g
c17To1n7ScaledConcentration,numeric,Scaled concentration of specific PLFA biomarker (nmol/g),nmol/g
lipid2OH16To0ScaledConcentration,numeric,Scaled concentration of specific PLFA biomarker (nmol/g),nmol/g
lipid10Methyl17To0ScaledConcentration,numeric,Scaled concentration of specific PLFA biomarker (nmol/g),nmol/g
lipid10Methyl17To1ScaledConcentration,numeric,Scaled concentration of specific PLFA biomarker (nmol/g),nmol/g
c18To1n13ScaledConcentration,numeric,Scaled concentration of specific PLFA biomarker (nmol/g),nmol/g
c18To3n6ScaledConcentration,numeric,Scaled concentration of specific PLFA biomarker (nmol/g),nmol/g
cis18To2n912ScaledConcentration,numeric,Scaled concentration of specific PLFA biomarker (nmol/g),nmol/g
cis18To1n9ScaledConcentration,numeric,Scaled concentration of specific PLFA biomarker (nmol/g),nmol/g
trans18To1n9ScaledConcentration,numeric,Scaled concentration of specific PLFA biomarker (nmol/g),nmol/g
trans18To2n912ScaledConcentration,numeric,Scaled concentration of specific PLFA biomarker (nmol/g),nmol/g
c18To3n3ScaledConcentration,numeric,Scaled concentration of specific PLFA biomarker (nmol/g),nmol/g
c18To1n11ScaledConcentration,numeric,Scaled concentration of specific PLFA biomarker (nmol/g),nmol/g
c18To0ScaledConcentration,numeric,Scaled concentration of specific PLFA biomarker (nmol/g),nmol/g
lipid10Methyl18To0ScaledConcentration,numeric,Scaled concentration of specific PLFA biomarker (nmol/g),nmol/g
lipid10Methyl18To1ScaledConcentration,numeric,Scaled concentration of specific PLFA biomarker (nmol/g),nmol/g
cyclo19To0ScaledConcentration,numeric,Scaled concentration of specific PLFA biomarker (nmol/g),nmol/g
c19To1Cis10ScaledConcentration,numeric,Scaled concentration of specific PLFA biomarker (nmol/g),nmol/g
c20To4n6ScaledConcentration,numeric,Scaled concentration of specific PLFA biomarker (nmol/g),nmol/g
c20To5n3ScaledConcentration,numeric,Scaled concentration of specific PLFA biomarker (nmol/g),nmol/g
c20To3n6ScaledConcentration,numeric,Scaled concentration of specific PLFA biomarker (nmol/g),nmol/g
c20To2ScaledConcentration,numeric,Scaled concentration of specific PLFA biomarker (nmol/g),nmol/g
c20To1ScaledConcentration,numeric,Scaled concentration of specific PLFA biomarker (nmol/g),nmol/g
c20To3n3ScaledConcentration,numeric,Scaled concentration of specific PLFA biomarker (nmol/g),nmol/g
c20To0ScaledConcentration,numeric,Scaled concentration of specific PLFA biomarker (nmol/g),nmol/g
c21To0ScaledConcentration,numeric,Scaled concentration of specific PLFA biomarker (nmol/g),nmol/g
c22To2ScaledConcentration,numeric,Scaled concentration of specific PLFA biomarker (nmol/g),nmol/g
c22To1n9ScaledConcentration,numeric,Scaled concentration of specific PLFA biomarker (nmol/g),nmol/g
c22To0ScaledConcentration,numeric,Scaled concentration of specific PLFA biomarker (nmol/g),nmol/g
c22To6CisScaledConcentration,numeric,Scaled concentration of specific PLFA biomarker (nmol/g),nmol/g
c23To0ScaledConcentration,numeric,Scaled concentration of specific PLFA biomarker (nmol/g),nmol/g
c24To1ScaledConcentration,numeric,Scaled concentration of specific PLFA biomarker (nmol/g),nmol/g
c24To0ScaledConcentration,numeric,Scaled concentration of specific PLFA biomarker (nmol/g),nmol/g
totalLipidScaledConcentration,numeric,Scaled concentration of specific PLFA biomarker (nmol/g),nmol/g
lipidInternalStandardID,character,See NEON data product documentation,See NEON data product documentation
lipidInternalStandardConcentration,integer,See NEON data product documentation,See NEON data product documentation
lipidInternalStandardResponse,numeric,See NEON data product documentation,See NEON data product documentation
processedBy,character,See NEON data product documentation,See NEON data product documentation
reviewedBy,character,See NEON data product documentation,See NEON data product documentation
remarks,character,See NEON data product documentation,See NEON data product documentation
analysisResultsQF,character,See NEON data product documentation,See NEON data product documentation
dataQF,character,See NEON data product documentation,See NEON data product documentation
publicationDate,character,See NEON data product documentation,See NEON data product documentation
release,character,See NEON data product documentation,See NEON data product documentation
.plfa_table_used,character,See NEON data product documentation,See NEON data product documentation
collectDateTime,character,See NEON data product documentation,See NEON data product documentation
year,integer,Year of sample collection,Year integer
month,integer,Month of sample collection,Month integer
horizon,character,"Soil horizon classification (M=Mineral, O=Organic)",Horizon classification character
soilTemp,numeric,Soil temperature at sampling (degrees C),degrees C
sampleTopDepth,numeric,Top depth of the soil sample (from NEON sls_soilCoreCollection),cm
sampleBottomDepth,numeric,Bottom depth of the soil sample (from NEON sls_soilCoreCollection),cm
biomassSampleCondition,character,"NEON-reported handling condition of the microbial biomass sample (e.g., OK, cold chain broken, other); see Technical Validation for use in QC filtering",character
soilMoisture,numeric,Gravimetric soil moisture (%),%
soilInWaterpH,numeric,Soil pH measured in water (from NEON sls_soilpH),pH units
soilInCaClpH,numeric,Soil pH measured in 0.01 M CaCl2 (from NEON sls_soilpH),pH units
organicCPercent,numeric,Soil organic carbon content (from NEON sls_soilChemistry; available for a subset of samples),%
nitrogenPercent,numeric,Soil total nitrogen content (from NEON sls_soilChemistry; available for a subset of samples),%
CN_ratio,numeric,Soil carbon:nitrogen ratio (organicCPercent / nitrogenPercent; available for a subset of samples),dimensionless
organicd13C,numeric,"Soil organic matter δ13C stable isotope ratio (from NEON sls_soilChemistry; available for a subset of samples)",per mil
d15N,numeric,"Soil δ15N stable isotope ratio (from NEON sls_soilChemistry; available for a subset of samples)",per mil
biomass_per_gC_nmol_gC,numeric,Microbial biomass normalized to soil organic carbon content (available for a subset of samples),nmol/gC
soilType,character,USDA soil taxonomy classification from Megapit,character
soilOrder,character,USDA soil order,character
soilSuborder,character,USDA soil suborder,character
soilGreatGroup,character,USDA soil great group,character
soilSubgroup,character,USDA soil subgroup,character
microbial_biomass_nmol_g,numeric,"Total microbial biomass, C18:0-corrected (nmol lipids per g dry soil)",nmol/g
fungal_plfa_nmol_g,numeric,Fungal PLFA biomass (nmol per g dry soil),nmol/g
bacterial_plfa_nmol_g,numeric,Bacterial PLFA biomass (nmol per g dry soil),nmol/g
FB_ratio,numeric,Fungal:bacterial ratio (dimensionless),dimensionless
gram_positive,numeric,"Gram-positive bacterial PLFA biomass (sum of branched markers i14:0, i15:0, a15:0, i16:0, i17:0, a17:0; nmol per g dry soil)",nmol/g
gram_negative,numeric,Gram-negative bacterial PLFA biomass (sum of 16:1ω7c and 18:1ω7c; nmol per g dry soil),nmol/g
GP_GN_ratio,numeric,Gram-positive:gram-negative bacterial ratio (dimensionless),dimensionless
stress_index_cy19,numeric,"Cyclopropyl:precursor physiological stress index computed as cy19:0/18:1ω7c (cyclo19To0ScaledConcentration / c18To1n11ScaledConcentration). Higher values indicate greater physiological stress. Available for the full record (2017 onward).",dimensionless
stress_index_cy17,numeric,"Cyclopropyl:precursor physiological stress index computed as cy17:0/16:1ω7c (cyclo17To0ScaledConcentration / c16To1n7ScaledConcentration). Available 2021 onward, when 16:1ω7c was consistently resolved as a distinct biomarker.",dimensionless
stress_index_combined,numeric,"Combined cyclopropyl:precursor (""Cyclopropyl to Precursor"") stress index computed as (cy17:0 + cy19:0) / (16:1ω7c + 18:1ω7c). Available 2021 onward. Higher values indicate greater physiological stress.",dimensionless
